Experience point / group,Survey question,Time,Feedback scale,Very unhappy,Very unhappy (%),Unhappy,Unhappy (%),Happy,Happy (%),Very happy,Very happy (%),Responses,Happy Index,NPS (adapted),Positive (%),Bathroom
T1 - DEP - LVL 2 - Post Security - Men - Gate 165 - FE2097,Please Rate the Cleanliness of the Washroom.,00:00:00,4 Smileys,0,0.0,1,12.5,0,0.0,7,87.5,8,92,75,87.5,FE2097
T1 - DEP - LVL 2 - Post Security - Men - Gate 165 - FE2097,Please Rate the Cleanliness of the Washroom.,01:00:00,4 Smileys,3,18.75,0,0.0,1,6.25,12,75.0,16,79,56,81.25,FE2097
T1 - DEP - LVL 2 - Post Security - Men - Gate 165 - FE2097,Please Rate the Cleanliness of the Washroom.,02:00:00,4 Smileys,1,20.0,0,0.0,1,20.0,3,60.0,5,73,40,80.0,FE2097
T1 - DEP - LVL 2 - Post Security - Men - Gate 165 - FE2097,Please Rate the Cleanliness of the Washroom.,03:00:00,4 Smileys,15,12.0,9,7.2,15,12.0,86,68.8,125,79,50,80.8,FE2097
T1 - DEP - LVL 2 - Post Security - Men - Gate 165 - FE2097,Please Rate the Cleanliness of the Washroom.,04:00:00,4 Smileys,77,11.68,39,5.92,154,23.37,389,59.03,659,77,41,82.4,FE2097
T1 - DEP - LVL 2 - Post Security - Men - Gate 165 - FE2097,Please Rate the Cleanliness of the Washroom.,05:00:00,4 Smileys,246,20.2,106,8.7,272,22.33,594,48.77,1218,67,20,71.1,FE2097
T1 - DEP - LVL 2 - Post Security - Men - Gate 165 - FE2097,Please Rate the Cleanliness of the Washroom.,06:00:00,4 Smileys,346,25.04,192,13.89,314,22.72,530,38.35,1382,58,-1,61.07,FE2097
T1 - DEP - LVL 2 - Post Security - Men - Gate 165 - FE2097,Please Rate the Cleanliness of the Washroom.,07:00:00,4 Smileys,633,39.49,261,16.28,257,16.03,452,28.2,1603,44,-28,44.23,FE2097
T1 - DEP - LVL 2 - Post Security - Men - Gate 165 - FE2097,Please Rate the Cleanliness of the Washroom.,08:00:00,4 Smileys,248,21.49,111,9.62,262,22.7,533,46.19,1154,65,15,68.89,FE2097
T1 - DEP - LVL 2 - Post Security - Men - Gate 165 - FE2097,Please Rate the Cleanliness of the Washroom.,09:00:00,4 Smileys,225,22.26,134,13.25,223,22.06,429,42.43,1011,62,7,64.49,FE2097
T1 - DEP - LVL 2 - Post Security - Men - Gate 165 - FE2097,Please Rate the Cleanliness of the Washroom.,10:00:00,4 Smileys,195,17.33,171,15.2,228,20.27,531,47.2,1125,66,15,67.47,FE2097
T1 - DEP - LVL 2 - Post Security - Men - Gate 165 - FE2097,Please Rate the Cleanliness of the Washroom.,11:00:00,4 Smileys,239,17.92,252,18.89,320,23.99,523,39.21,1334,61,2,63.19,FE2097
T1 - DEP - LVL 2 - Post Security - Men - Gate 165 - FE2097,Please Rate the Cleanliness of the Washroom.,12:00:00,4 Smileys,270,22.35,159,13.16,266,22.02,513,42.47,1208,62,7,64.49,FE2097
T1 - DEP - LVL 2 - Post Security - Men - Gate 165 - FE2097,Please Rate the Cleanliness of the Washroom.,13:00:00,4 Smileys,280,20.44,201,14.67,318,23.21,571,41.68,1370,62,7,64.89,FE2097
T1 - DEP - LVL 2 - Post Security - Men - Gate 165 - FE2097,Please Rate the Cleanliness of the Washroom.,14:00:00,4 Smileys,337,23.26,223,15.39,316,21.81,573,39.54,1449,59,1,61.35,FE2097
T1 - DEP - LVL 2 - Post Security - Men - Gate 165 - FE2097,Please Rate the Cleanliness of the Washroom.,15:00:00,4 Smileys,592,30.07,379,19.25,381,19.35,617,31.34,1969,51,-18,50.69,FE2097
T1 - DEP - LVL 2 - Post Security - Men - Gate 165 - FE2097,Please Rate the Cleanliness of the Washroom.,16:00:00,4 Smileys,365,21.97,240,14.45,337,20.29,719,43.29,1661,62,7,63.58,FE2097
T1 - DEP - LVL 2 - Post Security - Men - Gate 165 - FE2097,Please Rate the Cleanliness of the Washroom.,17:00:00,4 Smileys,389,25.03,263,16.92,297,19.11,605,38.93,1554,57,-3,58.04,FE2097
T1 - DEP - LVL 2 - Post Security - Men - Gate 165 - FE2097,Please Rate the Cleanliness of the Washroom.,18:00:00,4 Smileys,319,21.04,194,12.8,341,22.49,662,43.67,1516,63,10,66.16,FE2097
T1 - DEP - LVL 2 - Post Security - Men - Gate 165 - FE2097,Please Rate the Cleanliness of the Washroom.,19:00:00,4 Smileys,330,23.66,175,12.54,304,21.79,586,42.01,1395,61,6,63.8,FE2097
T1 - DEP - LVL 2 - Post Security - Men - Gate 165 - FE2097,Please Rate the Cleanliness of the Washroom.,20:00:00,4 Smileys,213,23.88,103,11.55,170,19.06,406,45.52,892,62,10,64.57,FE2097
T1 - DEP - LVL 2 - Post Security - Men - Gate 165 - FE2097,Please Rate the Cleanliness of the Washroom.,21:00:00,4 Smileys,80,22.1,42,11.6,65,17.96,175,48.34,362,64,15,66.3,FE2097
T1 - DEP - LVL 2 - Post Security - Men - Gate 165 - FE2097,Please Rate the Cleanliness of the Washroom.,22:00:00,4 Smileys,51,35.92,15,10.56,22,15.49,54,38.03,142,52,-8,53.52,FE2097
T1 - DEP - LVL 2 - Post Security - Men - Gate 165 - FE2097,Please Rate the Cleanliness of the Washroom.,23:00:00,4 Smileys,6,20.0,4,13.33,4,13.33,16,53.33,30,67,20,66.67,FE2097
T1 - DEP - LVL 2 - Post Security - Women - Gate 165 - FE2095,Please Rate the Cleanliness of the Washroom.,00:00:00,4 Smileys,0,0.0,0,0.0,1,14.29,6,85.71,7,95,86,100.0,FE2095
T1 - DEP - LVL 2 - Post Security - Women - Gate 165 - FE2095,Please Rate the Cleanliness of the Washroom.,01:00:00,4 Smileys,3,37.5,0,0.0,1,12.5,4,50.0,8,58,13,62.5,FE2095
T1 - DEP - LVL 2 - Post Security - Women - Gate 165 - FE2095,Please Rate the Cleanliness of the Washroom.,02:00:00,4 Smileys,1,12.5,0,0.0,0,0.0,7,87.5,8,88,75,87.5,FE2095
T1 - DEP - LVL 2 - Post Security - Women - Gate 165 - FE2095,Please Rate the Cleanliness of the Washroom.,03:00:00,4 Smileys,16,6.2,7,2.71,22,8.53,213,82.56,258,89,74,91.09,FE2095
T1 - DEP - LVL 2 - Post Security - Women - Gate 165 - FE2095,Please Rate the Cleanliness of the Washroom.,04:00:00,4 Smileys,66,7.27,78,8.59,158,17.4,606,66.74,908,81,51,84.14,FE2095
T1 - DEP - LVL 2 - Post Security - Women - Gate 165 - FE2095,Please Rate the Cleanliness of the Washroom.,05:00:00,4 Smileys,180,11.57,137,8.8,283,18.19,956,61.44,1556,76,41,79.63,FE2095
T1 - DEP - LVL 2 - Post Security - Women - Gate 165 - FE2095,Please Rate the Cleanliness of the Washroom.,06:00:00,4 Smileys,170,11.45,148,9.97,322,21.68,845,56.9,1485,75,35,78.59,FE2095
T1 - DEP - LVL 2 - Post Security - Women - Gate 165 - FE2095,Please Rate the Cleanliness of the Washroom.,07:00:00,4 Smileys,444,31.38,292,20.64,281,19.86,398,28.13,1415,48,-24,47.99,FE2095
T1 - DEP - LVL 2 - Post Security - Women - Gate 165 - FE2095,Please Rate the Cleanliness of the Washroom.,08:00:00,4 Smileys,190,21.62,131,14.9,189,21.5,369,41.98,879,61,5,63.48,FE2095
T1 - DEP - LVL 2 - Post Security - Women - Gate 165 - FE2095,Please Rate the Cleanliness of the Washroom.,09:00:00,4 Smileys,225,20.81,198,18.32,252,23.31,406,37.56,1081,59,-2,60.87,FE2095
T1 - DEP - LVL 2 - Post Security - Women - Gate 165 - FE2095,Please Rate the Cleanliness of the Washroom.,10:00:00,4 Smileys,143,14.56,99,10.08,194,19.76,546,55.6,982,72,31,75.36,FE2095
T1 - DEP - LVL 2 - Post Security - Women - Gate 165 - FE2095,Please Rate the Cleanliness of the Washroom.,11:00:00,4 Smileys,251,18.93,241,18.17,350,26.4,484,36.5,1326,60,-1,62.9,FE2095
T1 - DEP - LVL 2 - Post Security - Women - Gate 165 - FE2095,Please Rate the Cleanliness of the Washroom.,12:00:00,4 Smileys,152,14.83,110,10.73,215,20.98,548,53.46,1025,71,28,74.44,FE2095
T1 - DEP - LVL 2 - Post Security - Women - Gate 165 - FE2095,Please Rate the Cleanliness of the Washroom.,13:00:00,4 Smileys,162,14.39,163,14.48,263,23.36,538,47.78,1126,68,19,71.14,FE2095
T1 - DEP - LVL 2 - Post Security - Women - Gate 165 - FE2095,Please Rate the Cleanliness of the Washroom.,14:00:00,4 Smileys,270,19.75,209,15.29,340,24.87,548,40.09,1367,62,5,64.96,FE2095
T1 - DEP - LVL 2 - Post Security - Women - Gate 165 - FE2095,Please Rate the Cleanliness of the Washroom.,15:00:00,4 Smileys,366,21.17,269,15.56,408,23.6,686,39.68,1729,61,3,63.27,FE2095
T1 - DEP - LVL 2 - Post Security - Women - Gate 165 - FE2095,Please Rate the Cleanliness of the Washroom.,16:00:00,4 Smileys,250,14.16,219,12.41,392,22.21,904,51.22,1765,70,25,73.43,FE2095
T1 - DEP - LVL 2 - Post Security - Women - Gate 165 - FE2095,Please Rate the Cleanliness of the Washroom.,17:00:00,4 Smileys,241,16.66,201,13.89,354,24.46,651,44.99,1447,66,14,69.45,FE2095
T1 - DEP - LVL 2 - Post Security - Women - Gate 165 - FE2095,Please Rate the Cleanliness of the Washroom.,18:00:00,4 Smileys,208,12.86,162,10.01,348,21.51,900,55.62,1618,73,33,77.13,FE2095
T1 - DEP - LVL 2 - Post Security - Women - Gate 165 - FE2095,Please Rate the Cleanliness of the Washroom.,19:00:00,4 Smileys,221,16.44,212,15.77,296,22.02,615,45.76,1344,66,14,67.78,FE2095
T1 - DEP - LVL 2 - Post Security - Women - Gate 165 - FE2095,Please Rate the Cleanliness of the Washroom.,20:00:00,4 Smileys,117,12.86,92,10.11,218,23.96,483,53.08,910,72,30,77.03,FE2095
T1 - DEP - LVL 2 - Post Security - Women - Gate 165 - FE2095,Please Rate the Cleanliness of the Washroom.,21:00:00,4 Smileys,44,8.71,36,7.13,93,18.42,332,65.74,505,80,50,84.16,FE2095
T1 - DEP - LVL 2 - Post Security - Women - Gate 165 - FE2095,Please Rate the Cleanliness of the Washroom.,22:00:00,4 Smileys,12,7.14,19,11.31,27,16.07,110,65.48,168,80,47,81.55,FE2095
T1 - DEP - LVL 2 - Post Security - Women - Gate 165 - FE2095,Please Rate the Cleanliness of the Washroom.,23:00:00,4 Smileys,2,8.7,3,13.04,7,30.43,11,47.83,23,72,26,78.26,FE2095
T1 - DEP - LVL 2 - Post Security - Men - Gate 168 - FF2025,Please Rate the Cleanliness of the Washroom.,00:00:00,4 Smileys,3,7.32,0,0.0,7,17.07,31,75.61,41,87,68,92.68,FF2025
T1 - DEP - LVL 2 - Post Security - Men - Gate 168 - FF2025,Please Rate the Cleanliness of the Washroom.,01:00:00,4 Smileys,2,5.41,1,2.7,4,10.81,30,81.08,37,89,73,91.89,FF2025
T1 - DEP - LVL 2 - Post Security - Men - Gate 168 - FF2025,Please Rate the Cleanliness of the Washroom.,02:00:00,4 Smileys,0,0.0,0,0.0,1,16.67,5,83.33,6,94,83,100.0,FF2025
T1 - DEP - LVL 2 - Post Security - Men - Gate 168 - FF2025,Please Rate the Cleanliness of the Washroom.,03:00:00,4 Smileys,1,5.26,1,5.26,4,21.05,13,68.42,19,84,58,89.47,FF2025
T1 - DEP - LVL 2 - Post Security - Men - Gate 168 - FF2025,Please Rate the Cleanliness of the Washroom.,04:00:00,4 Smileys,13,7.51,3,1.73,18,10.4,139,80.35,173,88,71,90.75,FF2025
T1 - DEP - LVL 2 - Post Security - Men - Gate 168 - FF2025,Please Rate the Cleanliness of the Washroom.,05:00:00,4 Smileys,40,8.75,15,3.28,97,21.23,305,66.74,457,82,55,87.96,FF2025
T1 - DEP - LVL 2 - Post Security - Men - Gate 168 - FF2025,Please Rate the Cleanliness of the Washroom.,06:00:00,4 Smileys,81,11.46,38,5.37,152,21.5,436,61.67,707,78,45,83.17,FF2025
T1 - DEP - LVL 2 - Post Security - Men - Gate 168 - FF2025,Please Rate the Cleanliness of the Washroom.,07:00:00,4 Smileys,171,19.37,73,8.27,203,22.99,436,49.38,883,67,22,72.37,FF2025
T1 - DEP - LVL 2 - Post Security - Men - Gate 168 - FF2025,Please Rate the Cleanliness of the Washroom.,08:00:00,4 Smileys,88,15.74,46,8.23,99,17.71,326,58.32,559,73,34,76.03,FF2025
T1 - DEP - LVL 2 - Post Security - Men - Gate 168 - FF2025,Please Rate the Cleanliness of the Washroom.,09:00:00,4 Smileys,32,9.88,17,5.25,69,21.3,206,63.58,324,80,48,84.88,FF2025
T1 - DEP - LVL 2 - Post Security - Men - Gate 168 - FF2025,Please Rate the Cleanliness of the Washroom.,10:00:00,4 Smileys,14,6.9,7,3.45,47,23.15,135,66.5,203,83,56,89.66,FF2025
T1 - DEP - LVL 2 - Post Security - Men - Gate 168 - FF2025,Please Rate the Cleanliness of the Washroom.,11:00:00,4 Smileys,28,8.83,16,5.05,61,19.24,212,66.88,317,81,53,86.12,FF2025
T1 - DEP - LVL 2 - Post Security - Men - Gate 168 - FF2025,Please Rate the Cleanliness of the Washroom.,12:00:00,4 Smileys,43,10.64,25,6.19,79,19.55,257,63.61,404,79,47,83.17,FF2025
T1 - DEP - LVL 2 - Post Security - Men - Gate 168 - FF2025,Please Rate the Cleanliness of the Washroom.,13:00:00,4 Smileys,37,10.03,15,4.07,84,22.76,233,63.14,369,80,49,85.91,FF2025
T1 - DEP - LVL 2 - Post Security - Men - Gate 168 - FF2025,Please Rate the Cleanliness of the Washroom.,14:00:00,4 Smileys,43,11.11,29,7.49,91,23.51,224,57.88,387,76,39,81.4,FF2025
T1 - DEP - LVL 2 - Post Security - Men - Gate 168 - FF2025,Please Rate the Cleanliness of the Washroom.,15:00:00,4 Smileys,82,11.97,48,7.01,148,21.61,407,59.42,685,76,40,81.02,FF2025
T1 - DEP - LVL 2 - Post Security - Men - Gate 168 - FF2025,Please Rate the Cleanliness of the Washroom.,16:00:00,4 Smileys,79,11.33,46,6.6,154,22.09,418,59.97,697,77,42,82.07,FF2025
T1 - DEP - LVL 2 - Post Security - Men - Gate 168 - FF2025,Please Rate the Cleanliness of the Washroom.,17:00:00,4 Smileys,61,11.01,29,5.23,104,18.77,360,64.98,554,79,49,83.75,FF2025
T1 - DEP - LVL 2 - Post Security - Men - Gate 168 - FF2025,Please Rate the Cleanliness of the Washroom.,18:00:00,4 Smileys,62,8.64,34,4.74,133,18.52,489,68.11,718,82,55,86.63,FF2025
T1 - DEP - LVL 2 - Post Security - Men - Gate 168 - FF2025,Please Rate the Cleanliness of the Washroom.,19:00:00,4 Smileys,146,13.54,72,6.68,225,20.87,635,58.91,1078,75,39,79.78,FF2025
T1 - DEP - LVL 2 - Post Security - Men - Gate 168 - FF2025,Please Rate the Cleanliness of the Washroom.,20:00:00,4 Smileys,142,14.26,73,7.33,216,21.69,565,56.73,996,74,35,78.41,FF2025
T1 - DEP - LVL 2 - Post Security - Men - Gate 168 - FF2025,Please Rate the Cleanliness of the Washroom.,21:00:00,4 Smileys,88,11.75,63,8.41,149,19.89,449,59.95,749,76,40,79.84,FF2025
T1 - DEP - LVL 2 - Post Security - Men - Gate 168 - FF2025,Please Rate the Cleanliness of the Washroom.,22:00:00,4 Smileys,75,15.43,33,6.79,109,22.43,269,55.35,486,73,33,77.78,FF2025
T1 - DEP - LVL 2 - Post Security - Men - Gate 168 - FF2025,Please Rate the Cleanliness of the Washroom.,23:00:00,4 Smileys,32,23.7,2,1.48,28,20.74,73,54.07,135,68,29,74.81,FF2025
T1 - DEP - LVL 2 - Post Security - Women - Gate 168 - FF2031,Please Rate the Cleanliness of the Washroom.,00:00:00,4 Smileys,3,4.92,7,11.48,15,24.59,36,59.02,61,79,43,83.61,FF2031
T1 - DEP - LVL 2 - Post Security - Women - Gate 168 - FF2031,Please Rate the Cleanliness of the Washroom.,01:00:00,4 Smileys,2,10.53,0,0.0,3,15.79,14,73.68,19,84,63,89.47,FF2031
T1 - DEP - LVL 2 - Post Security - Women - Gate 168 - FF2031,Please Rate the Cleanliness of the Washroom.,02:00:00,4 Smileys,0,0.0,0,0.0,1,9.09,10,90.91,11,97,91,100.0,FF2031
T1 - DEP - LVL 2 - Post Security - Women - Gate 168 - FF2031,Please Rate the Cleanliness of the Washroom.,03:00:00,4 Smileys,0,0.0,0,0.0,2,15.38,11,84.62,13,95,85,100.0,FF2031
T1 - DEP - LVL 2 - Post Security - Women - Gate 168 - FF2031,Please Rate the Cleanliness of the Washroom.,04:00:00,4 Smileys,6,4.26,7,4.96,26,18.44,102,72.34,141,86,63,90.78,FF2031
T1 - DEP - LVL 2 - Post Security - Women - Gate 168 - FF2031,Please Rate the Cleanliness of the Washroom.,05:00:00,4 Smileys,31,6.31,26,5.3,116,23.63,318,64.77,491,82,53,88.39,FF2031
T1 - DEP - LVL 2 - Post Security - Women - Gate 168 - FF2031,Please Rate the Cleanliness of the Washroom.,06:00:00,4 Smileys,55,6.99,49,6.23,167,21.22,516,65.57,787,82,52,86.79,FF2031
T1 - DEP - LVL 2 - Post Security - Women - Gate 168 - FF2031,Please Rate the Cleanliness of the Washroom.,07:00:00,4 Smileys,88,9.23,95,9.97,250,26.23,520,54.56,953,75,35,80.8,FF2031
T1 - DEP - LVL 2 - Post Security - Women - Gate 168 - FF2031,Please Rate the Cleanliness of the Washroom.,08:00:00,4 Smileys,68,11.54,46,7.81,134,22.75,341,57.89,589,76,39,80.65,FF2031
T1 - DEP - LVL 2 - Post Security - Women - Gate 168 - FF2031,Please Rate the Cleanliness of the Washroom.,09:00:00,4 Smileys,21,5.66,19,5.12,76,20.49,255,68.73,371,84,58,89.22,FF2031
T1 - DEP - LVL 2 - Post Security - Women - Gate 168 - FF2031,Please Rate the Cleanliness of the Washroom.,10:00:00,4 Smileys,24,6.45,17,4.57,59,15.86,272,73.12,372,85,62,88.98,FF2031
T1 - DEP - LVL 2 - Post Security - Women - Gate 168 - FF2031,Please Rate the Cleanliness of the Washroom.,11:00:00,4 Smileys,20,5.52,16,4.42,78,21.55,248,68.51,362,84,59,90.06,FF2031
T1 - DEP - LVL 2 - Post Security - Women - Gate 168 - FF2031,Please Rate the Cleanliness of the Washroom.,12:00:00,4 Smileys,33,6.98,18,3.81,110,23.26,312,65.96,473,83,55,89.22,FF2031
T1 - DEP - LVL 2 - Post Security - Women - Gate 168 - FF2031,Please Rate the Cleanliness of the Washroom.,13:00:00,4 Smileys,28,7.11,20,5.08,68,17.26,278,70.56,394,84,58,87.82,FF2031
T1 - DEP - LVL 2 - Post Security - Women - Gate 168 - FF2031,Please Rate the Cleanliness of the Washroom.,14:00:00,4 Smileys,44,10.76,21,5.13,100,24.45,244,59.66,409,78,44,84.11,FF2031
T1 - DEP - LVL 2 - Post Security - Women - Gate 168 - FF2031,Please Rate the Cleanliness of the Washroom.,15:00:00,4 Smileys,43,4.99,33,3.83,156,18.12,629,73.05,861,86,64,91.17,FF2031
T1 - DEP - LVL 2 - Post Security - Women - Gate 168 - FF2031,Please Rate the Cleanliness of the Washroom.,16:00:00,4 Smileys,80,10.31,52,6.7,161,20.75,483,62.24,776,78,45,82.99,FF2031
T1 - DEP - LVL 2 - Post Security - Women - Gate 168 - FF2031,Please Rate the Cleanliness of the Washroom.,17:00:00,4 Smileys,32,4.24,24,3.18,148,19.63,550,72.94,754,87,66,92.57,FF2031
T1 - DEP - LVL 2 - Post Security - Women - Gate 168 - FF2031,Please Rate the Cleanliness of the Washroom.,18:00:00,4 Smileys,36,3.67,38,3.87,197,20.08,710,72.38,981,87,65,92.46,FF2031
T1 - DEP - LVL 2 - Post Security - Women - Gate 168 - FF2031,Please Rate the Cleanliness of the Washroom.,19:00:00,4 Smileys,83,6.34,69,5.27,254,19.4,903,68.98,1309,84,57,88.39,FF2031
T1 - DEP - LVL 2 - Post Security - Women - Gate 168 - FF2031,Please Rate the Cleanliness of the Washroom.,20:00:00,4 Smileys,90,8.79,77,7.52,270,26.37,587,57.32,1024,77,41,83.69,FF2031
T1 - DEP - LVL 2 - Post Security - Women - Gate 168 - FF2031,Please Rate the Cleanliness of the Washroom.,21:00:00,4 Smileys,61,6.18,60,6.08,212,21.48,654,66.26,987,83,54,87.74,FF2031
T1 - DEP - LVL 2 - Post Security - Women - Gate 168 - FF2031,Please Rate the Cleanliness of the Washroom.,22:00:00,4 Smileys,33,5.61,42,7.14,135,22.96,378,64.29,588,82,52,87.24,FF2031
T1 - DEP - LVL 2 - Post Security - Women - Gate 168 - FF2031,Please Rate the Cleanliness of the Washroom.,23:00:00,4 Smileys,11,7.64,14,9.72,43,29.86,76,52.78,144,76,35,82.64,FF2031
T1 - DEP - LVL 2 - Post Security - Women - HHF Gate 181 - FG2057,Please Rate the Cleanliness of the Washroom.,00:00:00,4 Smileys,75,25.08,46,15.38,70,23.41,108,36.12,299,57,-4,59.53,FG2057
T1 - DEP - LVL 2 - Post Security - Women - HHF Gate 181 - FG2057,Please Rate the Cleanliness of the Washroom.,01:00:00,4 Smileys,25,16.34,28,18.3,45,29.41,55,35.95,153,62,1,65.36,FG2057
T1 - DEP - LVL 2 - Post Security - Women - HHF Gate 181 - FG2057,Please Rate the Cleanliness of the Washroom.,02:00:00,4 Smileys,4,9.76,2,4.88,11,26.83,24,58.54,41,78,44,85.37,FG2057
T1 - DEP - LVL 2 - Post Security - Women - HHF Gate 181 - FG2057,Please Rate the Cleanliness of the Washroom.,03:00:00,4 Smileys,11,12.79,4,4.65,18,20.93,53,61.63,86,77,44,82.56,FG2057
T1 - DEP - LVL 2 - Post Security - Women - HHF Gate 181 - FG2057,Please Rate the Cleanliness of the Washroom.,04:00:00,4 Smileys,46,10.75,27,6.31,94,21.96,261,60.98,428,78,44,82.94,FG2057
T1 - DEP - LVL 2 - Post Security - Women - HHF Gate 181 - FG2057,Please Rate the Cleanliness of the Washroom.,05:00:00,4 Smileys,134,13.21,112,11.05,232,22.88,536,52.86,1014,72,29,75.74,FG2057
T1 - DEP - LVL 2 - Post Security - Women - HHF Gate 181 - FG2057,Please Rate the Cleanliness of the Washroom.,06:00:00,4 Smileys,129,11.74,134,12.19,335,30.48,501,45.59,1099,70,22,76.07,FG2057
T1 - DEP - LVL 2 - Post Security - Women - HHF Gate 181 - FG2057,Please Rate the Cleanliness of the Washroom.,07:00:00,4 Smileys,283,17.18,250,15.18,432,26.23,682,41.41,1647,64,9,67.64,FG2057
T1 - DEP - LVL 2 - Post Security - Women - HHF Gate 181 - FG2057,Please Rate the Cleanliness of the Washroom.,08:00:00,4 Smileys,216,17.66,163,13.33,336,27.47,508,41.54,1223,64,11,69.01,FG2057
T1 - DEP - LVL 2 - Post Security - Women - HHF Gate 181 - FG2057,Please Rate the Cleanliness of the Washroom.,09:00:00,4 Smileys,176,19.28,133,14.57,210,23.0,394,43.15,913,63,9,66.16,FG2057
T1 - DEP - LVL 2 - Post Security - Women - HHF Gate 181 - FG2057,Please Rate the Cleanliness of the Washroom.,10:00:00,4 Smileys,107,13.54,104,13.16,183,23.16,396,50.13,790,70,23,73.29,FG2057
T1 - DEP - LVL 2 - Post Security - Women - HHF Gate 181 - FG2057,Please Rate the Cleanliness of the Washroom.,11:00:00,4 Smileys,140,14.18,145,14.69,275,27.86,427,43.26,987,67,14,71.12,FG2057
T1 - DEP - LVL 2 - Post Security - Women - HHF Gate 181 - FG2057,Please Rate the Cleanliness of the Washroom.,12:00:00,4 Smileys,75,11.21,80,11.96,172,25.71,342,51.12,669,72,28,76.83,FG2057
T1 - DEP - LVL 2 - Post Security - Women - HHF Gate 181 - FG2057,Please Rate the Cleanliness of the Washroom.,13:00:00,4 Smileys,102,13.35,77,10.08,208,27.23,377,49.35,764,71,26,76.57,FG2057
T1 - DEP - LVL 2 - Post Security - Women - HHF Gate 181 - FG2057,Please Rate the Cleanliness of the Washroom.,14:00:00,4 Smileys,182,13.51,179,13.29,397,29.47,589,43.73,1347,68,17,73.2,FG2057
T1 - DEP - LVL 2 - Post Security - Women - HHF Gate 181 - FG2057,Please Rate the Cleanliness of the Washroom.,15:00:00,4 Smileys,295,13.58,287,13.21,492,22.64,1099,50.58,2173,70,24,73.22,FG2057
T1 - DEP - LVL 2 - Post Security - Women - HHF Gate 181 - FG2057,Please Rate the Cleanliness of the Washroom.,16:00:00,4 Smileys,256,11.79,248,11.42,544,25.05,1124,51.75,2172,72,29,76.8,FG2057
T1 - DEP - LVL 2 - Post Security - Women - HHF Gate 181 - FG2057,Please Rate the Cleanliness of the Washroom.,17:00:00,4 Smileys,290,12.44,219,9.39,522,22.38,1301,55.79,2332,74,34,78.17,FG2057
T1 - DEP - LVL 2 - Post Security - Women - HHF Gate 181 - FG2057,Please Rate the Cleanliness of the Washroom.,18:00:00,4 Smileys,359,16.76,298,13.91,558,26.05,927,43.28,2142,65,13,69.33,FG2057
T1 - DEP - LVL 2 - Post Security - Women - HHF Gate 181 - FG2057,Please Rate the Cleanliness of the Washroom.,19:00:00,4 Smileys,307,12.57,258,10.56,455,18.62,1423,58.25,2443,74,35,76.87,FG2057
T1 - DEP - LVL 2 - Post Security - Women - HHF Gate 181 - FG2057,Please Rate the Cleanliness of the Washroom.,20:00:00,4 Smileys,233,10.51,225,10.15,461,20.8,1297,58.53,2216,76,38,79.33,FG2057
T1 - DEP - LVL 2 - Post Security - Women - HHF Gate 181 - FG2057,Please Rate the Cleanliness of the Washroom.,21:00:00,4 Smileys,286,16.17,250,14.13,459,25.95,774,43.75,1769,66,13,69.7,FG2057
T1 - DEP - LVL 2 - Post Security - Women - HHF Gate 181 - FG2057,Please Rate the Cleanliness of the Washroom.,22:00:00,4 Smileys,403,25.88,265,17.02,383,24.6,506,32.5,1557,55,-10,57.1,FG2057
T1 - DEP - LVL 2 - Post Security - Women - HHF Gate 181 - FG2057,Please Rate the Cleanliness of the Washroom.,23:00:00,4 Smileys,238,30.95,177,23.02,159,20.68,195,25.36,769,47,-29,46.03,FG2057
T1 - DEP - LVL 2 - Post Secuirty - Women - HHF Starbucks - FG2043,Please Rate the Cleanliness of the Washroom.,00:00:00,4 Smileys,58,14.15,51,12.44,123,30.0,178,43.41,410,68,17,73.41,FG2043
T1 - DEP - LVL 2 - Post Secuirty - Women - HHF Starbucks - FG2043,Please Rate the Cleanliness of the Washroom.,01:00:00,4 Smileys,28,17.07,21,12.8,37,22.56,78,47.56,164,67,18,70.12,FG2043
T1 - DEP - LVL 2 - Post Secuirty - Women - HHF Starbucks - FG2043,Please Rate the Cleanliness of the Washroom.,02:00:00,4 Smileys,13,14.94,11,12.64,14,16.09,49,56.32,87,71,29,72.41,FG2043
T1 - DEP - LVL 2 - Post Secuirty - Women - HHF Starbucks - FG2043,Please Rate the Cleanliness of the Washroom.,03:00:00,4 Smileys,11,10.89,6,5.94,15,14.85,69,68.32,101,80,51,83.17,FG2043
T1 - DEP - LVL 2 - Post Secuirty - Women - HHF Starbucks - FG2043,Please Rate the Cleanliness of the Washroom.,04:00:00,4 Smileys,16,4.68,22,6.43,87,25.44,217,63.45,342,83,52,88.89,FG2043
T1 - DEP - LVL 2 - Post Secuirty - Women - HHF Starbucks - FG2043,Please Rate the Cleanliness of the Washroom.,05:00:00,4 Smileys,45,8.69,40,7.72,131,25.29,302,58.3,518,78,42,83.59,FG2043
T1 - DEP - LVL 2 - Post Secuirty - Women - HHF Starbucks - FG2043,Please Rate the Cleanliness of the Washroom.,06:00:00,4 Smileys,76,9.21,66,8.0,235,28.48,448,54.3,825,76,37,82.79,FG2043
T1 - DEP - LVL 2 - Post Secuirty - Women - HHF Starbucks - FG2043,Please Rate the Cleanliness of the Washroom.,07:00:00,4 Smileys,149,11.71,151,11.87,358,28.14,614,48.27,1272,71,25,76.42,FG2043
T1 - DEP - LVL 2 - Post Secuirty - Women - HHF Starbucks - FG2043,Please Rate the Cleanliness of the Washroom.,08:00:00,4 Smileys,88,12.45,71,10.04,190,26.87,358,50.64,707,72,28,77.51,FG2043
T1 - DEP - LVL 2 - Post Secuirty - Women - HHF Starbucks - FG2043,Please Rate the Cleanliness of the Washroom.,09:00:00,4 Smileys,73,11.09,83,12.61,149,22.64,353,53.65,658,73,30,76.29,FG2043
T1 - DEP - LVL 2 - Post Secuirty - Women - HHF Starbucks - FG2043,Please Rate the Cleanliness of the Washroom.,10:00:00,4 Smileys,44,7.79,59,10.44,137,24.25,325,57.52,565,77,39,81.77,FG2043
T1 - DEP - LVL 2 - Post Secuirty - Women - HHF Starbucks - FG2043,Please Rate the Cleanliness of the Washroom.,11:00:00,4 Smileys,123,10.19,143,11.85,359,29.74,582,48.22,1207,72,26,77.96,FG2043
T1 - DEP - LVL 2 - Post Secuirty - Women - HHF Starbucks - FG2043,Please Rate the Cleanliness of the Washroom.,12:00:00,4 Smileys,96,8.79,128,11.72,311,28.48,557,51.01,1092,74,30,79.49,FG2043
T1 - DEP - LVL 2 - Post Secuirty - Women - HHF Starbucks - FG2043,Please Rate the Cleanliness of the Washroom.,13:00:00,4 Smileys,176,14.86,150,12.67,322,27.2,536,45.27,1184,68,18,72.47,FG2043
T1 - DEP - LVL 2 - Post Secuirty - Women - HHF Starbucks - FG2043,Please Rate the Cleanliness of the Washroom.,14:00:00,4 Smileys,217,13.5,202,12.57,421,26.2,767,47.73,1607,69,22,73.93,FG2043
T1 - DEP - LVL 2 - Post Secuirty - Women - HHF Starbucks - FG2043,Please Rate the Cleanliness of the Washroom.,15:00:00,4 Smileys,309,14.51,262,12.31,564,26.49,994,46.69,2129,68,20,73.18,FG2043
T1 - DEP - LVL 2 - Post Secuirty - Women - HHF Starbucks - FG2043,Please Rate the Cleanliness of the Washroom.,16:00:00,4 Smileys,290,13.88,271,12.97,475,22.74,1053,50.41,2089,70,24,73.15,FG2043
T1 - DEP - LVL 2 - Post Secuirty - Women - HHF Starbucks - FG2043,Please Rate the Cleanliness of the Washroom.,17:00:00,4 Smileys,220,10.98,214,10.68,544,27.15,1026,51.2,2004,73,30,78.34,FG2043
T1 - DEP - LVL 2 - Post Secuirty - Women - HHF Starbucks - FG2043,Please Rate the Cleanliness of the Washroom.,18:00:00,4 Smileys,277,13.17,250,11.88,543,25.81,1034,49.14,2104,70,24,74.95,FG2043
T1 - DEP - LVL 2 - Post Secuirty - Women - HHF Starbucks - FG2043,Please Rate the Cleanliness of the Washroom.,19:00:00,4 Smileys,331,15.56,224,10.53,555,26.09,1017,47.81,2127,69,22,73.91,FG2043
T1 - DEP - LVL 2 - Post Secuirty - Women - HHF Starbucks - FG2043,Please Rate the Cleanliness of the Washroom.,20:00:00,4 Smileys,342,16.32,271,12.93,551,26.29,932,44.47,2096,66,15,70.75,FG2043
T1 - DEP - LVL 2 - Post Secuirty - Women - HHF Starbucks - FG2043,Please Rate the Cleanliness of the Washroom.,21:00:00,4 Smileys,197,11.01,206,11.51,473,26.44,913,51.03,1789,72,29,77.47,FG2043
T1 - DEP - LVL 2 - Post Secuirty - Women - HHF Starbucks - FG2043,Please Rate the Cleanliness of the Washroom.,22:00:00,4 Smileys,270,18.33,218,14.8,387,26.27,598,40.6,1473,63,7,66.87,FG2043
T1 - DEP - LVL 2 - Post Secuirty - Women - HHF Starbucks - FG2043,Please Rate the Cleanliness of the Washroom.,23:00:00,4 Smileys,106,16.23,91,13.94,157,24.04,299,45.79,653,66,16,69.83,FG2043
T1 - DEP - LVL 2 - Post Security - Men - Gate 170 HHF - FG2037,Please Rate the Cleanliness of the Washroom.,00:00:00,4 Smileys,18,13.85,7,5.38,42,32.31,63,48.46,130,72,29,80.77,FG2037
T1 - DEP - LVL 2 - Post Security - Men - Gate 170 HHF - FG2037,Please Rate the Cleanliness of the Washroom.,01:00:00,4 Smileys,17,27.42,2,3.23,14,22.58,29,46.77,62,63,16,69.35,FG2037
T1 - DEP - LVL 2 - Post Security - Men - Gate 170 HHF - FG2037,Please Rate the Cleanliness of the Washroom.,02:00:00,4 Smileys,1,3.13,3,9.38,7,21.88,21,65.63,32,83,53,87.5,FG2037
T1 - DEP - LVL 2 - Post Security - Men - Gate 170 HHF - FG2037,Please Rate the Cleanliness of the Washroom.,03:00:00,4 Smileys,2,12.5,0,0.0,2,12.5,12,75.0,16,83,63,87.5,FG2037
T1 - DEP - LVL 2 - Post Security - Men - Gate 170 HHF - FG2037,Please Rate the Cleanliness of the Washroom.,04:00:00,4 Smileys,1,2.38,3,7.14,4,9.52,34,80.95,42,90,71,90.48,FG2037
T1 - DEP - LVL 2 - Post Security - Men - Gate 170 HHF - FG2037,Please Rate the Cleanliness of the Washroom.,05:00:00,4 Smileys,11,9.57,8,6.96,24,20.87,72,62.61,115,79,46,83.48,FG2037
T1 - DEP - LVL 2 - Post Security - Men - Gate 170 HHF - FG2037,Please Rate the Cleanliness of the Washroom.,06:00:00,4 Smileys,11,5.79,10,5.26,32,16.84,137,72.11,190,85,61,88.95,FG2037
T1 - DEP - LVL 2 - Post Security - Men - Gate 170 HHF - FG2037,Please Rate the Cleanliness of the Washroom.,07:00:00,4 Smileys,49,13.92,15,4.26,88,25.0,200,56.82,352,75,39,81.82,FG2037
T1 - DEP - LVL 2 - Post Security - Men - Gate 170 HHF - FG2037,Please Rate the Cleanliness of the Washroom.,08:00:00,4 Smileys,45,15.36,33,11.26,51,17.41,164,55.97,293,71,29,73.38,FG2037
T1 - DEP - LVL 2 - Post Security - Men - Gate 170 HHF - FG2037,Please Rate the Cleanliness of the Washroom.,09:00:00,4 Smileys,14,6.8,12,5.83,51,24.76,129,62.62,206,81,50,87.38,FG2037
T1 - DEP - LVL 2 - Post Security - Men - Gate 170 HHF - FG2037,Please Rate the Cleanliness of the Washroom.,10:00:00,4 Smileys,21,6.93,25,8.25,60,19.8,197,65.02,303,81,50,84.82,FG2037
T1 - DEP - LVL 2 - Post Security - Men - Gate 170 HHF - FG2037,Please Rate the Cleanliness of the Washroom.,11:00:00,4 Smileys,76,19.69,20,5.18,66,17.1,224,58.03,386,71,33,75.13,FG2037
T1 - DEP - LVL 2 - Post Security - Men - Gate 170 HHF - FG2037,Please Rate the Cleanliness of the Washroom.,12:00:00,4 Smileys,31,9.09,22,6.45,81,23.75,207,60.7,341,79,45,84.46,FG2037
T1 - DEP - LVL 2 - Post Security - Men - Gate 170 HHF - FG2037,Please Rate the Cleanliness of the Washroom.,13:00:00,4 Smileys,42,13.86,19,6.27,74,24.42,168,55.45,303,74,35,79.87,FG2037
T1 - DEP - LVL 2 - Post Security - Men - Gate 170 HHF - FG2037,Please Rate the Cleanliness of the Washroom.,14:00:00,4 Smileys,49,13.69,25,6.98,85,23.74,199,55.59,358,74,35,79.33,FG2037
T1 - DEP - LVL 2 - Post Security - Men - Gate 170 HHF - FG2037,Please Rate the Cleanliness of the Washroom.,15:00:00,4 Smileys,83,14.95,42,7.57,117,21.08,313,56.4,555,73,34,77.48,FG2037
T1 - DEP - LVL 2 - Post Security - Men - Gate 170 HHF - FG2037,Please Rate the Cleanliness of the Washroom.,16:00:00,4 Smileys,89,14.02,36,5.67,139,21.89,371,58.43,635,75,39,80.31,FG2037
T1 - DEP - LVL 2 - Post Security - Men - Gate 170 HHF - FG2037,Please Rate the Cleanliness of the Washroom.,17:00:00,4 Smileys,76,11.23,51,7.53,163,24.08,387,57.16,677,76,38,81.24,FG2037
T1 - DEP - LVL 2 - Post Security - Men - Gate 170 HHF - FG2037,Please Rate the Cleanliness of the Washroom.,18:00:00,4 Smileys,84,10.45,35,4.35,192,23.88,493,61.32,804,79,47,85.2,FG2037
T1 - DEP - LVL 2 - Post Security - Men - Gate 170 HHF - FG2037,Please Rate the Cleanliness of the Washroom.,19:00:00,4 Smileys,162,16.1,91,9.05,224,22.27,529,52.58,1006,70,27,74.85,FG2037
T1 - DEP - LVL 2 - Post Security - Men - Gate 170 HHF - FG2037,Please Rate the Cleanliness of the Washroom.,20:00:00,4 Smileys,125,15.8,71,8.98,173,21.87,422,53.35,791,71,29,75.22,FG2037
T1 - DEP - LVL 2 - Post Security - Men - Gate 170 HHF - FG2037,Please Rate the Cleanliness of the Washroom.,21:00:00,4 Smileys,77,11.81,47,7.21,143,21.93,385,59.05,652,76,40,80.98,FG2037
T1 - DEP - LVL 2 - Post Security - Men - Gate 170 HHF - FG2037,Please Rate the Cleanliness of the Washroom.,22:00:00,4 Smileys,53,12.35,39,9.09,97,22.61,240,55.94,429,74,34,78.55,FG2037
T1 - DEP - LVL 2 - Post Security - Men - Gate 170 HHF - FG2037,Please Rate the Cleanliness of the Washroom.,23:00:00,4 Smileys,17,10.49,14,8.64,38,23.46,93,57.41,162,76,38,80.86,FG2037
T1 - DEP - LVL 2 - Post Security - Men - HHF Gate 173 - FG2085,Please Rate the Cleanliness of the Washroom.,00:00:00,4 Smileys,106,16.59,77,12.05,156,24.41,300,46.95,639,67,18,71.36,FG2085
T1 - DEP - LVL 2 - Post Security - Men - HHF Gate 173 - FG2085,Please Rate the Cleanliness of the Washroom.,01:00:00,4 Smileys,94,26.55,56,15.82,74,20.9,130,36.72,354,56,-6,57.63,FG2085
T1 - DEP - LVL 2 - Post Security - Men - HHF Gate 173 - FG2085,Please Rate the Cleanliness of the Washroom.,02:00:00,4 Smileys,20,19.61,12,11.76,18,17.65,52,50.98,102,67,20,68.63,FG2085
T1 - DEP - LVL 2 - Post Security - Men - HHF Gate 173 - FG2085,Please Rate the Cleanliness of the Washroom.,03:00:00,4 Smileys,6,9.38,6,9.38,12,18.75,40,62.5,64,78,44,81.25,FG2085
T1 - DEP - LVL 2 - Post Security - Men - HHF Gate 173 - FG2085,Please Rate the Cleanliness of the Washroom.,04:00:00,4 Smileys,36,13.9,9,3.47,44,16.99,170,65.64,259,78,48,82.63,FG2085
T1 - DEP - LVL 2 - Post Security - Men - HHF Gate 173 - FG2085,Please Rate the Cleanliness of the Washroom.,05:00:00,4 Smileys,61,11.44,32,6.0,97,18.2,343,64.35,533,78,47,82.55,FG2085
T1 - DEP - LVL 2 - Post Security - Men - HHF Gate 173 - FG2085,Please Rate the Cleanliness of the Washroom.,06:00:00,4 Smileys,136,15.03,65,7.18,166,18.34,538,59.45,905,74,37,77.79,FG2085
T1 - DEP - LVL 2 - Post Security - Men - HHF Gate 173 - FG2085,Please Rate the Cleanliness of the Washroom.,07:00:00,4 Smileys,386,20.4,225,11.89,420,22.2,861,45.51,1892,64,13,67.71,FG2085
T1 - DEP - LVL 2 - Post Security - Men - HHF Gate 173 - FG2085,Please Rate the Cleanliness of the Washroom.,08:00:00,4 Smileys,214,15.71,141,10.35,314,23.05,693,50.88,1362,70,25,73.94,FG2085
T1 - DEP - LVL 2 - Post Security - Men - HHF Gate 173 - FG2085,Please Rate the Cleanliness of the Washroom.,09:00:00,4 Smileys,222,18.66,135,11.34,269,22.61,564,47.39,1190,66,17,70.0,FG2085
T1 - DEP - LVL 2 - Post Security - Men - HHF Gate 173 - FG2085,Please Rate the Cleanliness of the Washroom.,10:00:00,4 Smileys,144,12.78,92,8.16,211,18.72,680,60.34,1127,76,39,79.06,FG2085
T1 - DEP - LVL 2 - Post Security - Men - HHF Gate 173 - FG2085,Please Rate the Cleanliness of the Washroom.,11:00:00,4 Smileys,266,15.38,159,9.19,399,23.06,906,52.37,1730,71,28,75.43,FG2085
T1 - DEP - LVL 2 - Post Security - Men - HHF Gate 173 - FG2085,Please Rate the Cleanliness of the Washroom.,12:00:00,4 Smileys,337,17.66,224,11.74,410,21.49,937,49.11,1908,67,20,70.6,FG2085
T1 - DEP - LVL 2 - Post Security - Men - HHF Gate 173 - FG2085,Please Rate the Cleanliness of the Washroom.,13:00:00,4 Smileys,253,16.44,160,10.4,342,22.22,784,50.94,1539,69,24,73.16,FG2085
T1 - DEP - LVL 2 - Post Security - Men - HHF Gate 173 - FG2085,Please Rate the Cleanliness of the Washroom.,14:00:00,4 Smileys,218,14.41,176,11.63,348,23.0,771,50.96,1513,70,25,73.96,FG2085
T1 - DEP - LVL 2 - Post Security - Men - HHF Gate 173 - FG2085,Please Rate the Cleanliness of the Washroom.,15:00:00,4 Smileys,539,19.73,356,13.03,594,21.74,1243,45.5,2732,64,13,67.24,FG2085
T1 - DEP - LVL 2 - Post Security - Men - HHF Gate 173 - FG2085,Please Rate the Cleanliness of the Washroom.,16:00:00,4 Smileys,417,15.62,256,9.59,528,19.78,1469,55.02,2670,71,30,74.79,FG2085
T1 - DEP - LVL 2 - Post Security - Men - HHF Gate 173 - FG2085,Please Rate the Cleanliness of the Washroom.,17:00:00,4 Smileys,431,15.55,299,10.79,586,21.15,1455,52.51,2771,70,26,73.66,FG2085
T1 - DEP - LVL 2 - Post Security - Men - HHF Gate 173 - FG2085,Please Rate the Cleanliness of the Washroom.,18:00:00,4 Smileys,398,14.49,312,11.36,593,21.59,1444,52.57,2747,71,27,74.15,FG2085
T1 - DEP - LVL 2 - Post Security - Men - HHF Gate 173 - FG2085,Please Rate the Cleanliness of the Washroom.,19:00:00,4 Smileys,549,17.34,384,12.13,718,22.67,1516,47.87,3167,67,18,70.54,FG2085
T1 - DEP - LVL 2 - Post Security - Men - HHF Gate 173 - FG2085,Please Rate the Cleanliness of the Washroom.,20:00:00,4 Smileys,486,18.4,314,11.89,533,20.18,1308,49.53,2641,67,19,69.71,FG2085
T1 - DEP - LVL 2 - Post Security - Men - HHF Gate 173 - FG2085,Please Rate the Cleanliness of the Washroom.,21:00:00,4 Smileys,377,15.84,244,10.25,546,22.94,1213,50.97,2380,70,25,73.91,FG2085
T1 - DEP - LVL 2 - Post Security - Men - HHF Gate 173 - FG2085,Please Rate the Cleanliness of the Washroom.,22:00:00,4 Smileys,401,20.11,243,12.19,411,20.61,939,47.09,1994,65,15,67.7,FG2085
T1 - DEP - LVL 2 - Post Security - Men - HHF Gate 173 - FG2085,Please Rate the Cleanliness of the Washroom.,23:00:00,4 Smileys,217,20.73,149,14.23,203,19.39,478,45.65,1047,63,11,65.04,FG2085
T1 - DEP - LVL 2 - Post Security - Men - HHF Starbucks - FG2041,Please Rate the Cleanliness of the Washroom.,00:00:00,4 Smileys,47,12.77,37,10.05,81,22.01,203,55.16,368,73,32,77.17,FG2041
T1 - DEP - LVL 2 - Post Security - Men - HHF Starbucks - FG2041,Please Rate the Cleanliness of the Washroom.,01:00:00,4 Smileys,27,16.46,15,9.15,39,23.78,83,50.61,164,70,25,74.39,FG2041
T1 - DEP - LVL 2 - Post Security - Men - HHF Starbucks - FG2041,Please Rate the Cleanliness of the Washroom.,02:00:00,4 Smileys,8,15.38,1,1.92,13,25.0,30,57.69,52,75,40,82.69,FG2041
T1 - DEP - LVL 2 - Post Security - Men - HHF Starbucks - FG2041,Please Rate the Cleanliness of the Washroom.,03:00:00,4 Smileys,8,13.11,2,3.28,13,21.31,38,62.3,61,78,46,83.61,FG2041
T1 - DEP - LVL 2 - Post Security - Men - HHF Starbucks - FG2041,Please Rate the Cleanliness of the Washroom.,04:00:00,4 Smileys,23,9.54,8,3.32,49,20.33,161,66.8,241,81,54,87.14,FG2041
T1 - DEP - LVL 2 - Post Security - Men - HHF Starbucks - FG2041,Please Rate the Cleanliness of the Washroom.,05:00:00,4 Smileys,17,4.99,19,5.57,71,20.82,234,68.62,341,84,58,89.44,FG2041
T1 - DEP - LVL 2 - Post Security - Men - HHF Starbucks - FG2041,Please Rate the Cleanliness of the Washroom.,06:00:00,4 Smileys,47,9.16,28,5.46,115,22.42,323,62.96,513,80,48,85.38,FG2041
T1 - DEP - LVL 2 - Post Security - Men - HHF Starbucks - FG2041,Please Rate the Cleanliness of the Washroom.,07:00:00,4 Smileys,141,14.81,82,8.61,201,21.11,528,55.46,952,72,32,76.58,FG2041
T1 - DEP - LVL 2 - Post Security - Men - HHF Starbucks - FG2041,Please Rate the Cleanliness of the Washroom.,08:00:00,4 Smileys,100,14.81,58,8.59,118,17.48,399,59.11,675,74,36,76.59,FG2041
T1 - DEP - LVL 2 - Post Security - Men - HHF Starbucks - FG2041,Please Rate the Cleanliness of the Washroom.,09:00:00,4 Smileys,43,8.27,38,7.31,114,21.92,325,62.5,520,80,47,84.42,FG2041
T1 - DEP - LVL 2 - Post Security - Men - HHF Starbucks - FG2041,Please Rate the Cleanliness of the Washroom.,10:00:00,4 Smileys,55,8.7,42,6.65,143,22.63,392,62.03,632,79,47,84.65,FG2041
T1 - DEP - LVL 2 - Post Security - Men - HHF Starbucks - FG2041,Please Rate the Cleanliness of the Washroom.,11:00:00,4 Smileys,109,10.64,79,7.71,237,23.14,599,58.5,1024,76,40,81.64,FG2041
T1 - DEP - LVL 2 - Post Security - Men - HHF Starbucks - FG2041,Please Rate the Cleanliness of the Washroom.,12:00:00,4 Smileys,136,12.41,104,9.49,238,21.72,618,56.39,1096,74,34,78.1,FG2041
T1 - DEP - LVL 2 - Post Security - Men - HHF Starbucks - FG2041,Please Rate the Cleanliness of the Washroom.,13:00:00,4 Smileys,113,13.25,60,7.03,197,23.09,483,56.62,853,74,36,79.72,FG2041
T1 - DEP - LVL 2 - Post Security - Men - HHF Starbucks - FG2041,Please Rate the Cleanliness of the Washroom.,14:00:00,4 Smileys,177,14.25,126,10.14,328,26.41,611,49.19,1242,70,25,75.6,FG2041
T1 - DEP - LVL 2 - Post Security - Men - HHF Starbucks - FG2041,Please Rate the Cleanliness of the Washroom.,15:00:00,4 Smileys,307,18.03,166,9.75,407,23.9,823,48.33,1703,68,21,72.23,FG2041
T1 - DEP - LVL 2 - Post Security - Men - HHF Starbucks - FG2041,Please Rate the Cleanliness of the Washroom.,16:00:00,4 Smileys,198,13.31,154,10.35,325,21.84,811,54.5,1488,73,31,76.34,FG2041
T1 - DEP - LVL 2 - Post Security - Men - HHF Starbucks - FG2041,Please Rate the Cleanliness of the Washroom.,17:00:00,4 Smileys,188,10.9,141,8.18,411,23.84,984,57.08,1724,76,38,80.92,FG2041
T1 - DEP - LVL 2 - Post Security - Men - HHF Starbucks - FG2041,Please Rate the Cleanliness of the Washroom.,18:00:00,4 Smileys,245,13.83,178,10.05,381,21.51,967,54.6,1771,72,31,76.12,FG2041
T1 - DEP - LVL 2 - Post Security - Men - HHF Starbucks - FG2041,Please Rate the Cleanliness of the Washroom.,19:00:00,4 Smileys,355,16.66,189,8.87,480,22.52,1107,51.95,2131,70,26,74.47,FG2041
T1 - DEP - LVL 2 - Post Security - Men - HHF Starbucks - FG2041,Please Rate the Cleanliness of the Washroom.,20:00:00,4 Smileys,272,16.95,191,11.9,385,23.99,757,47.17,1605,67,18,71.15,FG2041
T1 - DEP - LVL 2 - Post Security - Men - HHF Starbucks - FG2041,Please Rate the Cleanliness of the Washroom.,21:00:00,4 Smileys,163,12.19,147,10.99,311,23.26,716,53.55,1337,73,30,76.81,FG2041
T1 - DEP - LVL 2 - Post Security - Men - HHF Starbucks - FG2041,Please Rate the Cleanliness of the Washroom.,22:00:00,4 Smileys,162,15.7,99,9.59,235,22.77,536,51.94,1032,70,27,74.71,FG2041
T1 - DEP - LVL 2 - Post Security - Men - HHF Starbucks - FG2041,Please Rate the Cleanliness of the Washroom.,23:00:00,4 Smileys,87,16.67,54,10.34,108,20.69,273,52.3,522,70,25,72.99,FG2041
T1 - DEP - LVL 2 - Post Security - Women - Gate 170 HHF - FG2035,Please Rate the Cleanliness of the Washroom.,00:00:00,4 Smileys,7,4.19,12,7.19,44,26.35,104,62.28,167,82,51,88.62,FG2035
T1 - DEP - LVL 2 - Post Security - Women - Gate 170 HHF - FG2035,Please Rate the Cleanliness of the Washroom.,01:00:00,4 Smileys,5,5.21,7,7.29,33,34.38,51,53.13,96,78,41,87.5,FG2035
T1 - DEP - LVL 2 - Post Security - Women - Gate 170 HHF - FG2035,Please Rate the Cleanliness of the Washroom.,02:00:00,4 Smileys,2,8.7,2,8.7,6,26.09,13,56.52,23,77,39,82.61,FG2035
T1 - DEP - LVL 2 - Post Security - Women - Gate 170 HHF - FG2035,Please Rate the Cleanliness of the Washroom.,03:00:00,4 Smileys,0,0.0,0,0.0,4,14.81,23,85.19,27,95,85,100.0,FG2035
T1 - DEP - LVL 2 - Post Security - Women - Gate 170 HHF - FG2035,Please Rate the Cleanliness of the Washroom.,04:00:00,4 Smileys,2,2.86,2,2.86,18,25.71,48,68.57,70,87,63,94.29,FG2035
T1 - DEP - LVL 2 - Post Security - Women - Gate 170 HHF - FG2035,Please Rate the Cleanliness of the Washroom.,05:00:00,4 Smileys,9,4.31,8,3.83,51,24.4,141,67.46,209,85,59,91.87,FG2035
T1 - DEP - LVL 2 - Post Security - Women - Gate 170 HHF - FG2035,Please Rate the Cleanliness of the Washroom.,06:00:00,4 Smileys,9,2.91,7,2.27,56,18.12,237,76.7,309,90,72,94.82,FG2035
T1 - DEP - LVL 2 - Post Security - Women - Gate 170 HHF - FG2035,Please Rate the Cleanliness of the Washroom.,07:00:00,4 Smileys,27,3.46,39,5.0,208,26.67,506,64.87,780,84,56,91.54,FG2035
T1 - DEP - LVL 2 - Post Security - Women - Gate 170 HHF - FG2035,Please Rate the Cleanliness of the Washroom.,08:00:00,4 Smileys,41,9.3,26,5.9,107,24.26,267,60.54,441,79,45,84.81,FG2035
T1 - DEP - LVL 2 - Post Security - Women - Gate 170 HHF - FG2035,Please Rate the Cleanliness of the Washroom.,09:00:00,4 Smileys,26,6.45,19,4.71,105,26.05,253,62.78,403,82,52,88.83,FG2035
T1 - DEP - LVL 2 - Post Security - Women - Gate 170 HHF - FG2035,Please Rate the Cleanliness of the Washroom.,10:00:00,4 Smileys,41,9.34,31,7.06,75,17.08,292,66.51,439,80,50,83.6,FG2035
T1 - DEP - LVL 2 - Post Security - Women - Gate 170 HHF - FG2035,Please Rate the Cleanliness of the Washroom.,11:00:00,4 Smileys,49,8.32,45,7.64,130,22.07,365,61.97,589,79,46,84.04,FG2035
T1 - DEP - LVL 2 - Post Security - Women - Gate 170 HHF - FG2035,Please Rate the Cleanliness of the Washroom.,12:00:00,4 Smileys,50,9.42,45,8.47,141,26.55,295,55.56,531,76,38,82.11,FG2035
T1 - DEP - LVL 2 - Post Security - Women - Gate 170 HHF - FG2035,Please Rate the Cleanliness of the Washroom.,13:00:00,4 Smileys,52,10.92,27,5.67,125,26.26,272,57.14,476,77,41,83.4,FG2035
T1 - DEP - LVL 2 - Post Security - Women - Gate 170 HHF - FG2035,Please Rate the Cleanliness of the Washroom.,14:00:00,4 Smileys,34,6.71,30,5.92,131,25.84,312,61.54,507,81,49,87.38,FG2035
T1 - DEP - LVL 2 - Post Security - Women - Gate 170 HHF - FG2035,Please Rate the Cleanliness of the Washroom.,15:00:00,4 Smileys,62,6.21,72,7.21,265,26.55,599,60.02,998,80,47,86.57,FG2035
T1 - DEP - LVL 2 - Post Security - Women - Gate 170 HHF - FG2035,Please Rate the Cleanliness of the Washroom.,16:00:00,4 Smileys,81,7.32,99,8.94,258,23.31,669,60.43,1107,79,44,83.74,FG2035
T1 - DEP - LVL 2 - Post Security - Women - Gate 170 HHF - FG2035,Please Rate the Cleanliness of the Washroom.,17:00:00,4 Smileys,96,7.88,97,7.96,323,26.52,702,57.64,1218,78,42,84.15,FG2035
T1 - DEP - LVL 2 - Post Security - Women - Gate 170 HHF - FG2035,Please Rate the Cleanliness of the Washroom.,18:00:00,4 Smileys,76,6.2,78,6.37,335,27.35,736,60.08,1225,80,48,87.43,FG2035
T1 - DEP - LVL 2 - Post Security - Women - Gate 170 HHF - FG2035,Please Rate the Cleanliness of the Washroom.,19:00:00,4 Smileys,141,8.47,144,8.65,423,25.41,957,57.48,1665,77,40,82.88,FG2035
T1 - DEP - LVL 2 - Post Security - Women - Gate 170 HHF - FG2035,Please Rate the Cleanliness of the Washroom.,20:00:00,4 Smileys,132,9.22,110,7.68,368,25.7,822,57.4,1432,77,41,83.1,FG2035
T1 - DEP - LVL 2 - Post Security - Women - Gate 170 HHF - FG2035,Please Rate the Cleanliness of the Washroom.,21:00:00,4 Smileys,96,9.12,85,8.07,253,24.03,619,58.78,1053,77,42,82.81,FG2035
T1 - DEP - LVL 2 - Post Security - Women - Gate 170 HHF - FG2035,Please Rate the Cleanliness of the Washroom.,22:00:00,4 Smileys,69,8.33,78,9.42,202,24.4,479,57.85,828,77,40,82.25,FG2035
T1 - DEP - LVL 2 - Post Security - Women - Gate 170 HHF - FG2035,Please Rate the Cleanliness of the Washroom.,23:00:00,4 Smileys,39,10.83,37,10.28,102,28.33,182,50.56,360,73,29,78.89,FG2035
T1 - DEP - LVL 2 - Post Security - Women - HHF Gate 173 - FG2089,Please Rate the Cleanliness of the Washroom.,00:00:00,4 Smileys,164,29.82,78,14.18,113,20.55,195,35.45,550,54,-9,56.0,FG2089
T1 - DEP - LVL 2 - Post Security - Women - HHF Gate 173 - FG2089,Please Rate the Cleanliness of the Washroom.,01:00:00,4 Smileys,64,28.83,43,19.37,45,20.27,70,31.53,222,52,-17,51.8,FG2089
T1 - DEP - LVL 2 - Post Security - Women - HHF Gate 173 - FG2089,Please Rate the Cleanliness of the Washroom.,02:00:00,4 Smileys,21,28.0,8,10.67,16,21.33,30,40.0,75,58,1,61.33,FG2089
T1 - DEP - LVL 2 - Post Security - Women - HHF Gate 173 - FG2089,Please Rate the Cleanliness of the Washroom.,03:00:00,4 Smileys,5,11.36,6,13.64,5,11.36,28,63.64,44,76,39,75.0,FG2089
T1 - DEP - LVL 2 - Post Security - Women - HHF Gate 173 - FG2089,Please Rate the Cleanliness of the Washroom.,04:00:00,4 Smileys,36,19.46,12,6.49,33,17.84,104,56.22,185,70,30,74.05,FG2089
T1 - DEP - LVL 2 - Post Security - Women - HHF Gate 173 - FG2089,Please Rate the Cleanliness of the Washroom.,05:00:00,4 Smileys,61,13.38,50,10.96,104,22.81,241,52.85,456,72,29,75.66,FG2089
T1 - DEP - LVL 2 - Post Security - Women - HHF Gate 173 - FG2089,Please Rate the Cleanliness of the Washroom.,06:00:00,4 Smileys,80,12.08,64,9.67,165,24.92,353,53.32,662,73,32,78.25,FG2089
T1 - DEP - LVL 2 - Post Security - Women - HHF Gate 173 - FG2089,Please Rate the Cleanliness of the Washroom.,07:00:00,4 Smileys,258,16.51,236,15.1,380,24.31,689,44.08,1563,65,12,68.39,FG2089
T1 - DEP - LVL 2 - Post Security - Women - HHF Gate 173 - FG2089,Please Rate the Cleanliness of the Washroom.,08:00:00,4 Smileys,187,16.82,169,15.2,272,24.46,484,43.53,1112,65,12,67.99,FG2089
T1 - DEP - LVL 2 - Post Security - Women - HHF Gate 173 - FG2089,Please Rate the Cleanliness of the Washroom.,09:00:00,4 Smileys,184,19.39,119,12.54,209,22.02,437,46.05,949,65,14,68.07,FG2089
T1 - DEP - LVL 2 - Post Security - Women - HHF Gate 173 - FG2089,Please Rate the Cleanliness of the Washroom.,10:00:00,4 Smileys,142,17.91,92,11.6,178,22.45,381,48.05,793,67,19,70.49,FG2089
T1 - DEP - LVL 2 - Post Security - Women - HHF Gate 173 - FG2089,Please Rate the Cleanliness of the Washroom.,11:00:00,4 Smileys,223,19.41,168,14.62,260,22.63,498,43.34,1149,63,9,65.97,FG2089
T1 - DEP - LVL 2 - Post Security - Women - HHF Gate 173 - FG2089,Please Rate the Cleanliness of the Washroom.,12:00:00,4 Smileys,284,20.76,221,16.15,311,22.73,552,40.35,1368,61,3,63.08,FG2089
T1 - DEP - LVL 2 - Post Security - Women - HHF Gate 173 - FG2089,Please Rate the Cleanliness of the Washroom.,13:00:00,4 Smileys,291,25.28,200,17.38,261,22.68,399,34.67,1151,56,-8,57.34,FG2089
T1 - DEP - LVL 2 - Post Security - Women - HHF Gate 173 - FG2089,Please Rate the Cleanliness of the Washroom.,14:00:00,4 Smileys,314,24.28,219,16.94,322,24.9,438,33.87,1293,56,-7,58.78,FG2089
T1 - DEP - LVL 2 - Post Security - Women - HHF Gate 173 - FG2089,Please Rate the Cleanliness of the Washroom.,15:00:00,4 Smileys,523,25.7,369,18.13,411,20.2,732,35.97,2035,55,-8,56.17,FG2089
T1 - DEP - LVL 2 - Post Security - Women - HHF Gate 173 - FG2089,Please Rate the Cleanliness of the Washroom.,16:00:00,4 Smileys,382,22.11,228,13.19,395,22.86,723,41.84,1728,61,7,64.7,FG2089
T1 - DEP - LVL 2 - Post Security - Women - HHF Gate 173 - FG2089,Please Rate the Cleanliness of the Washroom.,17:00:00,4 Smileys,377,20.16,286,15.29,400,21.39,807,43.16,1870,63,8,64.55,FG2089
T1 - DEP - LVL 2 - Post Security - Women - HHF Gate 173 - FG2089,Please Rate the Cleanliness of the Washroom.,18:00:00,4 Smileys,323,18.32,243,13.78,393,22.29,804,45.6,1763,65,13,67.9,FG2089
T1 - DEP - LVL 2 - Post Security - Women - HHF Gate 173 - FG2089,Please Rate the Cleanliness of the Washroom.,19:00:00,4 Smileys,524,26.63,330,16.77,446,22.66,668,33.94,1968,55,-9,56.61,FG2089
T1 - DEP - LVL 2 - Post Security - Women - HHF Gate 173 - FG2089,Please Rate the Cleanliness of the Washroom.,20:00:00,4 Smileys,391,23.33,221,13.19,335,19.99,729,43.5,1676,61,7,63.48,FG2089
T1 - DEP - LVL 2 - Post Security - Women - HHF Gate 173 - FG2089,Please Rate the Cleanliness of the Washroom.,21:00:00,4 Smileys,437,24.65,278,15.68,363,20.47,695,39.2,1773,58,-1,59.67,FG2089
T1 - DEP - LVL 2 - Post Security - Women - HHF Gate 173 - FG2089,Please Rate the Cleanliness of the Washroom.,22:00:00,4 Smileys,417,29.0,257,17.87,321,22.32,443,30.81,1438,52,-16,53.13,FG2089
T1 - DEP - LVL 2 - Post Security - Women - HHF Gate 173 - FG2089,Please Rate the Cleanliness of the Washroom.,23:00:00,4 Smileys,248,34.59,145,20.22,137,19.11,187,26.08,717,46,-29,45.19,FG2089
T1 - DEP - LVL 2 - Post Security - Men - HHF Gate 181 - FG2055,Please Rate the Cleanliness of the Washroom.,00:00:00,4 Smileys,56,24.14,33,14.22,53,22.84,90,38.79,232,59,0,61.64,FG2055
T1 - DEP - LVL 2 - Post Security - Men - HHF Gate 181 - FG2055,Please Rate the Cleanliness of the Washroom.,01:00:00,4 Smileys,33,27.5,16,13.33,23,19.17,48,40.0,120,57,-1,59.17,FG2055
T1 - DEP - LVL 2 - Post Security - Men - HHF Gate 181 - FG2055,Please Rate the Cleanliness of the Washroom.,02:00:00,4 Smileys,11,21.57,6,11.76,11,21.57,23,45.1,51,63,12,66.67,FG2055
T1 - DEP - LVL 2 - Post Security - Men - HHF Gate 181 - FG2055,Please Rate the Cleanliness of the Washroom.,03:00:00,4 Smileys,4,8.7,3,6.52,11,23.91,28,60.87,46,79,46,84.78,FG2055
T1 - DEP - LVL 2 - Post Security - Men - HHF Gate 181 - FG2055,Please Rate the Cleanliness of the Washroom.,04:00:00,4 Smileys,25,12.32,14,6.9,41,20.2,123,60.59,203,76,41,80.79,FG2055
T1 - DEP - LVL 2 - Post Security - Men - HHF Gate 181 - FG2055,Please Rate the Cleanliness of the Washroom.,05:00:00,4 Smileys,81,18.58,42,9.63,107,24.54,206,47.25,436,67,19,71.79,FG2055
T1 - DEP - LVL 2 - Post Security - Men - HHF Gate 181 - FG2055,Please Rate the Cleanliness of the Washroom.,06:00:00,4 Smileys,109,19.64,64,11.53,132,23.78,250,45.05,555,65,14,68.83,FG2055
T1 - DEP - LVL 2 - Post Security - Men - HHF Gate 181 - FG2055,Please Rate the Cleanliness of the Washroom.,07:00:00,4 Smileys,248,24.65,169,16.8,224,22.27,365,36.28,1006,57,-5,58.55,FG2055
T1 - DEP - LVL 2 - Post Security - Men - HHF Gate 181 - FG2055,Please Rate the Cleanliness of the Washroom.,08:00:00,4 Smileys,173,23.38,99,13.38,134,18.11,334,45.14,740,62,8,63.24,FG2055
T1 - DEP - LVL 2 - Post Security - Men - HHF Gate 181 - FG2055,Please Rate the Cleanliness of the Washroom.,09:00:00,4 Smileys,89,19.39,54,11.76,105,22.88,211,45.97,459,65,15,68.85,FG2055
T1 - DEP - LVL 2 - Post Security - Men - HHF Gate 181 - FG2055,Please Rate the Cleanliness of the Washroom.,10:00:00,4 Smileys,108,20.26,63,11.82,103,19.32,259,48.59,533,65,17,67.92,FG2055
T1 - DEP - LVL 2 - Post Security - Men - HHF Gate 181 - FG2055,Please Rate the Cleanliness of the Washroom.,11:00:00,4 Smileys,125,16.21,90,11.67,169,21.92,387,50.19,771,69,22,72.11,FG2055
T1 - DEP - LVL 2 - Post Security - Men - HHF Gate 181 - FG2055,Please Rate the Cleanliness of the Washroom.,12:00:00,4 Smileys,138,17.58,112,14.27,217,27.64,318,40.51,785,64,9,68.15,FG2055
T1 - DEP - LVL 2 - Post Security - Men - HHF Gate 181 - FG2055,Please Rate the Cleanliness of the Washroom.,13:00:00,4 Smileys,94,17.22,65,11.9,106,19.41,281,51.47,546,68,22,70.88,FG2055
T1 - DEP - LVL 2 - Post Security - Men - HHF Gate 181 - FG2055,Please Rate the Cleanliness of the Washroom.,14:00:00,4 Smileys,169,18.21,103,11.1,215,23.17,441,47.52,928,67,18,70.69,FG2055
T1 - DEP - LVL 2 - Post Security - Men - HHF Gate 181 - FG2055,Please Rate the Cleanliness of the Washroom.,15:00:00,4 Smileys,245,18.03,138,10.15,295,21.71,681,50.11,1359,68,22,71.82,FG2055
T1 - DEP - LVL 2 - Post Security - Men - HHF Gate 181 - FG2055,Please Rate the Cleanliness of the Washroom.,16:00:00,4 Smileys,212,16.59,144,11.27,265,20.74,657,51.41,1278,69,24,72.14,FG2055
T1 - DEP - LVL 2 - Post Security - Men - HHF Gate 181 - FG2055,Please Rate the Cleanliness of the Washroom.,17:00:00,4 Smileys,231,18.49,163,13.05,265,21.22,590,47.24,1249,66,16,68.45,FG2055
T1 - DEP - LVL 2 - Post Security - Men - HHF Gate 181 - FG2055,Please Rate the Cleanliness of the Washroom.,18:00:00,4 Smileys,229,19.81,129,11.16,255,22.06,543,46.97,1156,65,16,69.03,FG2055
T1 - DEP - LVL 2 - Post Security - Men - HHF Gate 181 - FG2055,Please Rate the Cleanliness of the Washroom.,19:00:00,4 Smileys,306,21.03,211,14.5,302,20.76,636,43.71,1455,62,8,64.47,FG2055
T1 - DEP - LVL 2 - Post Security - Men - HHF Gate 181 - FG2055,Please Rate the Cleanliness of the Washroom.,20:00:00,4 Smileys,213,19.47,139,12.71,236,21.57,506,46.25,1094,65,14,67.82,FG2055
T1 - DEP - LVL 2 - Post Security - Men - HHF Gate 181 - FG2055,Please Rate the Cleanliness of the Washroom.,21:00:00,4 Smileys,232,20.77,152,13.61,250,22.38,483,43.24,1117,63,9,65.62,FG2055
T1 - DEP - LVL 2 - Post Security - Men - HHF Gate 181 - FG2055,Please Rate the Cleanliness of the Washroom.,22:00:00,4 Smileys,220,23.71,150,16.16,182,19.61,376,40.52,928,59,1,60.13,FG2055
T1 - DEP - LVL 2 - Post Security - Men - HHF Gate 181 - FG2055,Please Rate the Cleanliness of the Washroom.,23:00:00,4 Smileys,137,27.9,89,18.13,86,17.52,179,36.46,491,54,-10,53.97,FG2055
